Partido,Producto Bruto Geográfico,Agropecuario,Pesca,Mineria,Industria,Electricidad,Construccion,Comercio,Hoteles y restaurantes,Transporte y comunicaciones,Financiero,Inmobiliario y empresariales,Publico,Salud,Comunitario y personales,Servicio doméstico,Región,longitud,latitud
Total Provincia,68352395.6051496,4634734.686553702,97335.31589020956,132730.67091663624,14368361.52882463,1136009.058846278,3337228.520791348,10912296.224279052,1021245.624455996,3365804.792656323,1057425.7688704885,5903242.360645535,2962001.0826321086,2890529.3077084683,1587531.4330225713,478300.2105421782,,,
La Matanza,4986948.113429512,694.4332804179198,0.0,1678.863250010938,1243066.7644554242,35333.033505686224,79900.00269637215,765668.4785515987,55038.15643538594,249182.7061546869,71810.71138340178,517581.0813206252,244526.52751394745,242592.85525159704,126001.62140931375,36628.56162941264,C,-58.62544569444762,-34.770348101664
General Pueyrredon,2604758.684863126,84685.64874846526,91180.03004189192,3232.0641805267524,379066.09130846174,36117.97369192454,65661.38463132732,584790.8774332473,93348.95274438483,120953.08554486072,41605.02934440154,231596.445055684,122529.6373408459,135672.48764135933,73872.64935302756,12553.332591398974,I,-57.74302834770776,-37.96568314236043
La Plata,2421004.368770244,27276.218318489624,0.0,1817.204951668996,225777.6560181421,34139.363264082145,59588.80100445143,458786.7074755754,48609.00842275611,90818.84426001189,71734.23027542423,253871.48427275952,283101.8201034261,150686.08408515865,85388.25769774933,18861.44511102481,C,-58.01777778856708,-35.003847015806244
Lomas de Zamora,2277721.426438541,71.27334810048285,0.0,188.514745200712,528437.4702202217,22513.393455595346,42584.26600359279,361781.89534064353,36905.46909185298,97267.45292704747,52992.05016424281,245899.833209298,115651.55773434526,128418.04199933636,67479.01030751609,17723.091804890937,C,-58.42409543043943,-34.75496795553667
Tigre,2088083.8319004043,72.07860422152501,0.0,196.44957777403096,627851.7012404896,10439.798499938954,175899.20112247215,356735.1567538104,46404.5946388594,103771.18250851551,23501.01787112065,152674.97839978582,39865.03691674529,54028.500045725,50431.95757677806,19248.23366531892,C,-58.588173872599945,-34.38201990803981
Quilmes,2078416.496433132,6.178150190183128,0.0,235.70115533241824,451555.4264747527,29242.49564881242,47420.40644152917,338404.9044925816,43064.56435923368,87357.47985771713,46629.72968128408,232734.8077258062,105707.27928347683,120191.74871328306,59351.15740099125,14653.940349679162,C,-58.27685802099024,-34.73497079923798
Pilar,1940472.305815535,2990.480250177882,0.0,77.79609963299058,394297.5374381436,8380.070474070095,566617.2142581318,237191.38238517512,36840.37662122885,64080.12048777087,13873.634039503448,126195.58604545674,35038.35942086623,62695.91888147588,32650.820302504773,16543.858407652806,I,-58.90333273036289,-34.44816400539137
General San Martín,1835619.2259550013,0.0,0.0,105.8353388544708,515975.1583571177,13684.447965376508,44419.5542983427,319963.464741572,22308.44762603692,76544.71020603669,33746.939499846194,162627.88615317427,74788.80741184055,102431.86780040158,58039.20658184711,12025.03602943629,C,-58.56428216799652,-34.552771927080705
Almirante Brown,1758170.9800166471,4441.531320748894,0.0,128.83035614977646,384481.3960707165,18720.936351793083,53982.37551910939,271458.0439481464,33040.265305539506,78697.13995086591,33394.65971550575,203443.89705778664,74803.08746153532,104975.95653528124,56852.49969480382,16704.234149677188,C,-58.36737293292538,-34.8356191133834
Avellaneda,1714437.2317192666,14.34352132359206,0.0,510.224343409848,402123.16005280655,61977.4477632922,78855.61221945642,264368.36478541687,32216.550018985177,110222.644556589,46080.69574408445,155328.11100598247,71777.31175761814,79876.65457865129,50603.74989365567,7345.837909195392,C,-58.34114454504148,-34.67819930859449
Lanús,1721856.125597763,0.0,0.0,150.72519334741307,389680.9262481896,21111.021763868284,39334.65779541823,306873.28595087846,27587.25816076638,71182.18779079829,49038.04433332005,190494.6739508768,80637.27159888681,101068.24212303804,59417.04153696352,9811.22186502124,C,-58.39469650482231,-34.705654244172585
Merlo,1672141.113433012,1565.409600617349,0.0,68.10142275346251,416852.96450689423,13662.657468150075,24380.965952962724,241024.9053697931,21204.943157524543,76338.01649873145,19900.759875837088,176909.5841052014,90884.72639265316,99240.131373577,44783.6048248989,17358.315607345274,C,-58.74195841400745,-34.71100327848002
Tres de Febrero,1617624.2252348403,23.615618600968524,0.0,137.45738708574646,461900.8790657055,14925.016676521136,27805.27828563666,300713.5181446325,28384.810852460767,68217.43721212416,36532.46158700473,146812.36028540146,54054.67452126061,82354.91404863344,54042.97662023109,6990.495578827635,C,-58.579188399544506,-34.596010073528305
Bahía Blanca,1541602.8454852682,14542.533081296477,3180.2808361871967,685.1772765689437,293781.12331422337,56788.45489226568,42340.95989961345,360816.5617287579,20760.070526663047,138278.45892488558,24225.11235146279,120565.02169574388,65271.092673760286,53930.03382120493,35021.21785636782,10892.971968087686,I,-62.16635261503095,-38.58152440589533
Moreno,1490136.226715371,779.5600802767517,0.0,50.5798959908396,324646.30021019006,10350.730025476516,58055.3356230589,234293.68189344165,16877.8011186786,69711.51774753,13104.735826953976,170117.0068721765,79196.42799709357,60507.01318303381,34538.57874504631,18943.20529323332,C,-58.81089850843214,-34.61068078658314
San Isidro,1484111.7264836717,0.0,0.0,246.41042427378449,274076.5024561791,9910.623894101778,117426.59519923474,362023.0063975236,42305.18234258264,56742.28581953844,43804.002826189135,139405.4995652751,45349.20226468799,60534.713005212136,57860.99825179087,8698.025538028449,C,-58.53720907659796,-34.48689295456971
Vicente López,1487367.2735864862,0.0,0.0,263.35298605986026,296392.2035327162,11226.45644368169,82424.64973514486,424860.2440250127,29874.81104485034,59267.77683730417,45623.977431239655,134673.50841051195,36315.63830404634,59388.81547242746,53961.9683604727,5015.672716252846,C,-58.50448651303782,-34.52653142374062
Campana,1246442.206368547,6854.004173349887,0.0,1289.7872799015563,657034.243482158,39528.22875052878,30141.558120337515,75721.63711186984,5836.655826631014,87046.61323870442,5477.448971793291,41598.55202050793,18860.93722426697,18905.396160561217,5888.925918562539,2157.210961347619,I,-58.88295737874431,-34.138388959457686
Malvinas Argentinas,1401291.855640379,46.12611895701661,0.0,44.32459276103299,427084.7202195625,6614.807686956245,44131.159461931566,242412.29837280785,21505.82140802517,62344.28759790018,12907.998445006006,111414.33291152288,34658.29123943696,63263.642296293394,41455.25354601419,16644.486324217123,C,-58.71213724162299,-34.487311344554456
Ensenada,1095240.149740544,45.476220751432464,0.0,307.16776053386934,463897.0742611181,41622.66659353182,254459.9964789184,37730.57368951108,1954.6985786281896,62756.78521503762,2353.705301636528,20846.83324201189,15498.639290370937,14734.33086648827,5442.329065710598,1135.2086837412398,I,-57.9791090926287,-34.842149742301714
San Nicolás,1156894.1597820786,7099.9624323768885,0.0,114.77775737777723,552367.8773772652,42064.52020654097,29904.864276160864,93491.13965364233,5396.602161087615,60332.74974820158,8076.130117168158,55878.734918740185,25768.09475275264,22498.87795467761,9227.171260189389,4792.40452637576,I,-60.29313520389947,-33.482973203953385
Morón,1295858.3518854454,9.846606046954978,0.0,141.61310654306027,262143.8674897824,12512.633663168685,62493.45513783228,269598.1174079254,27777.339492898467,52617.08728078476,37034.6440021997,128736.44594786376,59417.29019935513,72915.24844507762,37829.34533681296,5015.672716252846,C,-58.61983171115767,-34.64938616325765
Florencio Varela,1217434.3535257203,8873.56674400994,0.0,59.33840566574353,248263.97785123988,10253.650847860725,25036.212947363467,155840.78395863125,20631.603814628885,67241.17328878355,12373.058160989278,142544.37814399862,60259.39667585969,69368.10801179065,29671.49662301852,14691.675818390784,C,-58.25855488579655,-34.87774482410565
Berazategui,1096369.6694188074,6293.407225458152,0.0,27684.3684917848,239389.9162303397,12336.9885165176,39657.05833502375,150512.5016176856,17833.578646131664,48433.38535924419,17894.205597877743,119061.69055761816,49969.5836451548,66261.77642163775,29008.65892116015,9779.775641094891,C,-58.155461508690685,-34.81824477056139
Escobar,1041932.3412677686,971.0754098218216,0.0,67.81586472454616,289384.8627876346,5135.630185028462,90442.83418382888,169969.96448376766,13338.979988054489,50296.57429202298,9663.863413480723,85084.304897685,29177.30511435313,38882.75121702513,26503.89029761838,11804.91246195184,I,-58.77117861087306,-34.32868283418624
San Miguel,1043823.826252039,0.0,0.0,72.82843465085577,225422.3359655288,9854.064078016509,55825.20257042774,163248.38215786213,18904.1374621023,43775.16845651264,19090.375333288204,102851.37797543402,52740.696883668425,63076.28086155701,36507.61583248166,10091.09325796576,C,-58.69178352300796,-34.552134348760106
Esteban Echeverría,962491.1162347046,502.28059549266817,0.0,57.17669141507153,219931.478243402,7259.500197647013,31233.17034643844,159787.26960260735,16441.281318057085,45004.36281882308,13914.303509472673,109366.32706712984,40276.24236532187,42086.89068656832,20810.407598916983,9981.031474223531,C,-58.47694792917772,-34.831213565763235
José C. Paz,959319.51790627,67.77715438582034,0.0,22.3516363108056,255758.13855576096,9856.419143423642,20077.86682647426,121637.61160326665,11010.348901830375,42656.81611579323,6828.064114449674,96409.35060208286,39131.81565401094,59119.64756376727,22931.4278883689,12330.064401521888,C,-58.77763459833175,-34.51185316281214
Ezeiza,801986.1932548545,1144.5356417887217,0.0,128.2699450338597,144040.42460957856,4174.383877187396,79600.30664374224,97904.0598107794,24080.86151289598,132579.1824388476,6402.982600691892,64729.420400500254,34100.31475585896,20110.97430740025,17494.77712286221,6056.542728215036,C,-58.56470137312473,-34.876096843879324
Zárate,846928.6802158548,6544.812187389458,0.0,355.70866722105933,319684.9676174373,78674.31074950006,33876.531567789985,88062.30313811415,9317.33738035747,31357.23997413992,5924.887324166944,52027.92970449793,19857.26869580661,16581.609563529546,7180.745300647015,2371.0452840468,I,-59.12821530058707,-33.997089798307286
San Fernando,737629.4970417109,833.5304490235488,0.0,65.58129804338796,147966.08635509867,5398.953523316898,99514.12495624364,140539.90557128107,16764.376323108012,29031.21197546862,10827.08610559686,62382.85302871194,23099.740892524125,30807.292109032263,26015.187948983494,7801.8081561274685,C,-58.53458165688239,-34.15583611197679
Olavarría,749699.2321450422,84652.31897517765,0.0,33824.81348262712,223793.46602525644,11718.357558521133,20111.069093592665,89075.06718882539,3547.325180279286,49277.0504157524,6301.953576293527,38548.58810689164,25198.34600621536,15527.086441767864,8410.447661537988,2999.9697625738027,I,-60.670205401274366,-36.857634046571874
Hurlingham,695696.9470320872,1.8826987329394536,0.0,38.52423840901854,169173.83598921957,6089.881480888605,25283.11741840425,111384.59264395572,7651.75003290264,28090.76992720188,12149.195138020075,65646.24621688883,27851.18107494241,38062.83003416558,20220.888975309223,4849.00772944319,C,-58.64952538675535,-34.59928305531323
Tandil,655625.0324188323,140204.39837476602,0.0,2677.511749469857,57854.25208390367,9357.342231621054,33539.826666829606,150497.87567458046,12210.030133435295,28723.59615477462,9597.23466803077,46005.25572406099,22630.277184940835,22158.44369327003,10332.720854004172,5166.614591099327,I,-59.18198278964916,-37.33642931678382
Ituzaingó,632408.9316371251,5.648096198818362,0.0,62.46907149744946,126344.24302876867,6566.846658170002,28201.774155344094,127881.55131165044,13189.271300027767,26254.035375595275,15060.881316929284,67898.62547493917,26651.48229439728,34245.224536568894,19779.691987726663,3578.580282818645,C,-58.68875951557909,-34.63607161201617
Luján,544252.4633982008,9691.983118354765,0.0,237.08646507424947,121458.51251921404,13744.315794124275,71005.41942247386,67844.8960834899,7542.517431106238,19852.23883269221,6038.770658183056,35939.45908275723,16764.349545282363,37105.114419522186,7701.049407830489,3053.428343248598,I,-59.15845643998639,-34.56732241969334
General Rodríguez,466079.4448950762,16338.933371241075,0.0,311.2195114759592,109888.89565286416,1957.650097762683,49650.6747571534,58524.35761170239,3432.0385303640205,28550.240617514777,2665.532279650064,43006.651440275455,16267.84462748836,15050.66550915687,5452.114964749377,3006.2590073590727,I,-58.987846798266986,-34.65061569024568
Pergamino,485632.46269760985,57263.997130576805,0.0,8.76343760536727,102399.97032092756,10365.04256947215,8895.042902847474,93518.27826638364,2311.4129209652383,22327.994747272765,8517.13463235748,41886.072563784976,18916.061182731155,14621.03003132096,6134.223513899767,3235.8164420214284,I,-60.54478269502504,-33.83608889833079
Necochea,469382.6956144105,108619.80114337133,368.8987086252101,909.8229456939756,21899.15368969619,20381.23348447465,14660.8890505914,101112.05978823768,4566.147631921635,39954.0212980302,6148.191050915831,33955.25065900957,21258.35973195265,12711.208373038313,7210.462828228968,2547.144138034361,I,-59.16738694687353,-38.25541100461289
Junín,430497.84739634313,44919.17300668659,0.0,32.458962864944816,48954.28432413365,7832.201450981019,18571.26278407199,102032.28738633097,3095.6657595197908,18248.69530766094,8083.766081908116,33070.17807849019,23811.412583081383,29566.475780698933,7373.180932805429,2588.024229138616,I,-61.00525012787072,-34.546475132400666
Azul,380777.72787588026,96505.27687233724,0.0,9601.855718359006,40239.01004452069,12854.902863682311,5612.527238358827,64505.38109968683,1515.4628589503384,20591.61914831045,4063.0724029259086,23815.79124838232,20222.739575067502,12369.308084289887,5275.99401324367,3625.7496187081706,I,-59.69647833761247,-36.78593521674873
Tres Arroyos,389271.7714066106,151829.28176162337,0.0,159.01156514996754,29660.922319829184,9395.13626273542,14942.760733855752,58863.34011390937,2379.6367607670127,16080.720561588594,5102.810546773133,23254.72700074679,9712.535226303477,7825.501032514795,3424.2066959004906,2270.41736748248,I,-60.237417324749416,-38.51181427533482
La Costa,302931.4395286985,145.90613253967237,305.00855115524894,4.947982351982229,9836.119917672491,11484.902719914322,55118.74461423099,58127.384246629816,13048.57022938198,11019.866682509242,2877.5156122712474,40542.0539991296,20258.85774911186,9399.154255340023,10280.599920050856,688.672303987068,I,-56.71594027517684,-36.69716782095072
San Vicente,286739.0962290612,5674.43534808933,0.0,108.1488882309066,37663.6364643871,2864.1001913156024,65917.02347532091,32951.63959546254,2286.716651981668,11254.535007895907,2617.6756947740623,28918.10500635553,13307.641379939643,8785.507352084347,6223.463580669277,1537.7203499985212,I,-58.43181206032507,-35.071508716932144
Trenque Lauquen,299976.1483271794,123187.63075999744,0.0,11.921624100004514,14322.318189850346,5700.342191461909,5261.230202339235,48266.34386171456,1125.7901750787937,13854.35168044272,4141.297371883711,15979.54558349686,13511.614502982831,7614.4236144859315,1381.759351368715,2034.5706880348537,I,-62.63507978320753,-36.05676627217776
Balcarce,303646.6967461827,116035.29785821988,0.0,1565.3720302501154,31666.52274619924,5705.378375541742,7728.4578580211,43665.24273435982,1442.8373907358734,13613.406985355294,2284.484998837309,18847.77214229886,6923.1478117083,5199.013177391512,2809.4086525446537,2012.5583312864085,I,-58.27174756170718,-37.714619808354726
Chivilcoy,259451.1223234907,25279.968090683287,0.0,8.153766629315797,46186.0831797261,4546.969260187526,7013.601418487639,51243.3246596871,2286.8459727003174,12388.635789673588,4971.316820053236,23522.448838060467,12780.322613960563,9328.955775491915,4826.692526225012,1606.902042636492,I,-59.95841948813504,-34.91548732859283
Cañuelas,263626.28994360793,15154.746562129829,0.0,644.3737669512558,50994.8321596002,2218.0715007554763,25361.45099483538,51396.405222435606,5217.899794068764,11775.50648707883,2730.649862627832,23136.87210696344,7620.750639316529,6123.903215961767,4025.760357868445,1550.2988395690616,I,-58.69109418469528,-35.14480449594918
Berisso,252587.10603355372,344.9376940919656,0.0,561.5721864519226,34457.03141857435,4534.902858320387,7817.309723402887,37427.18320312617,2782.975669283902,11208.52571838871,3141.5130490909405,33256.95701786719,21853.74158252794,17005.37283909965,14610.73654873324,2424.503864721595,I,-57.828379772406,-34.90935511449816
San Pedro,261738.5738649316,51376.9938390468,0.0,451.4347878787063,36812.99056481338,9832.15078675124,7116.015620010761,38975.2051701993,3053.952656008528,14295.643877455546,2711.4628421588536,21410.629110036145,11872.62625250192,6017.095699866683,3443.4910820406485,1556.5880843543318,I,-59.78262676124897,-33.78098661235622
Coronel Suárez,267476.3631895979,114181.81846118953,0.0,11.475711152800454,18098.3529496816,3495.92651389635,8269.95382895862,38686.01469676977,910.6263776773794,12000.855677949394,2474.9924619159265,15228.7187857505,9116.090874447958,5605.774672149128,1681.268368231706,1685.517602452367,I,-61.88909224221714,-37.53485625022395
9 de Julio,256323.29442148097,80172.95108199926,0.0,4.119577712575258,24506.40348112096,6703.000950527734,2575.51384912922,48506.05475234279,825.2346952555499,12323.02173111517,2984.118455413936,16284.10152901951,9184.342010540227,7290.156534786713,2086.5751661334943,1896.207302758913,I,-60.97542544156492,-35.4812271476929
Mercedes,242433.02463993372,10472.581442967432,0.0,13.157489392323912,43379.3381768102,4109.157833692058,11131.049906621394,39968.35367584622,2058.577890421471,11171.329285837212,4828.292925658545,22727.80119789041,22363.326822789622,7899.720487174102,4914.947046810691,2113.186247850729,I,-59.420481139404174,-34.69732132630403
General Villegas,258641.54527370332,141564.43146038387,0.0,5.309469238339039,8280.96277689076,3562.953306357578,1193.2942721822922,31858.36090184221,565.970131023292,12508.549543515124,2168.9933653584094,11177.29901482962,7196.146555040898,3946.0855837068593,932.6284953966764,1402.501587115216,I,-62.95376490781935,-34.76871192027906
Presidente Perón,238315.3583468578,677.792195018628,0.0,3.992317357784273,39000.49575232393,2223.594148293411,20327.07325910308,27747.047601787184,3775.2110700603575,10676.633609997978,2646.905345489356,30271.491762545666,11945.763364552266,13569.465000514074,5941.190906880499,2864.7509996904973,I,-58.39808421053574,-34.929847840660656
Chacabuco,230456.13148162985,42093.60524566597,0.0,7.655520872061047,37806.43613794159,6291.7743880994585,7648.893458177582,37596.03780039887,831.0564146630659,11094.112032125497,2789.9273729018537,18294.43088892266,10058.546458582015,9666.548195042998,2028.302441579957,1295.5844257656254,I,-60.3543081129856,-34.6182002951859
Lincoln,226693.7347383444,85860.18184123431,0.0,6.080606437240662,17392.88416525328,4220.535823049945,2958.4774053700444,30547.31244848682,644.8535951446291,11513.869798273628,2883.5761208352087,14663.834941999135,10278.415079667036,6663.447070880239,1866.314793879872,1559.7327067469666,I,-61.6824583851243,-35.07044796967019
Pehuajó,233622.8883594357,91004.48707628156,0.0,5.220722698640973,7944.78145411661,6361.982331655165,4527.528651668955,37719.30346631175,654.3968042291204,11184.99788292874,2903.2316146151206,14814.986259390393,11775.26701714779,6619.296130354179,2197.2111095694604,1553.4434619616966,I,-61.92812573435128,-35.88362083427663
Salto,199267.25031557705,42646.61141116598,0.0,2.8914771869396154,39028.07877228588,5266.607462197478,6525.714328408371,34490.43643091682,875.6740922207882,10352.05995925116,1855.342833428664,11682.706242222566,5116.319669841413,3977.512568980978,1262.768016975744,1056.5931239253646,I,-60.30528786872549,-34.271077786927606
Marcos Paz,231960.6905808625,6805.5499826966825,0.0,7.384148730087727,33548.206553082935,57532.91854920736,4494.30464585713,18996.096890396584,2122.2028224472056,8078.600399762006,1758.6519697362846,18206.16613473241,13095.4723253439,7151.101073943536,2421.284602932119,1452.8155453973764,I,-58.8478312046275,-34.814002964759815
Bragado,205901.74083735564,37331.125304240064,0.0,7.717692785728532,37440.11591247192,6177.741402237249,9940.859221654551,29086.68126955239,966.034549714674,9688.91218562222,2940.956943390294,16370.917311742623,8821.941692382657,5848.589874830224,1794.048840073114,1339.6091392625156,I,-60.60404665279604,-35.06141227089899
Benito Juárez,202486.3846632449,64614.71404613218,0.0,13610.613650197804,35137.01235187778,8647.184335287182,3721.4895604181465,11995.073852989124,393.4639558014852,18122.013026663,1095.935749451081,6706.860143791925,6475.150145238615,2478.5118873039382,805.0997097464373,613.2013665638275,I,-59.88839784064821,-37.58611070590435
25 de Mayo,199336.4699010717,97931.1708053894,0.0,18.566073878227307,7263.740803257152,2811.765383352604,2964.937350037611,20270.72197724509,400.5349653776693,9447.737311151268,1666.3100196883413,11158.039790229368,9084.142759637343,4710.582445350339,2014.6244596091003,1172.9441524528602,I,-60.2302837885281,-35.527208971909204
Exaltación de la Cruz,174886.06188217617,32104.95831580281,0.0,80.83973618527072,29715.143442126795,2344.365976619073,22066.1208168853,15731.120617467695,1123.993013716825,7899.470056798246,1376.5978033912445,13340.093231352315,5124.373747846307,6693.560200071421,3140.57253019131,1905.641169936818,I,-59.15594613160004,-34.2951342237252
Bolívar,202396.2707340108,82003.673110476,0.0,5.721104594479454,10015.8860954222,4675.357339209599,3427.701068784132,30203.943445990128,898.136244710665,9733.649049463624,2384.874606878968,12305.79602585897,9808.724412092986,4623.407761062269,1857.14252735486,1179.23339723813,I,-61.14986008524724,-36.29894795840004
Ramallo,169530.28600172736,15421.992622999143,0.0,92.88126799706096,50944.05473140175,2835.9007015636817,3941.194928955019,25250.869115131987,1181.8404818469169,8308.789699925199,1383.983205237099,12072.89956391376,6091.64312522804,2838.5409036697224,2087.263383690872,877.3496475451688,I,-60.0575075532403,-33.58718654444796
Coronel de Marina L. Rosales,181140.0099568206,11549.394245645064,69.60488338138364,28.984803226537466,10865.734584274256,5324.737830523151,10367.002841577169,27463.77321084321,2136.078829771679,9928.130001392785,2291.815369624318,17411.07944366549,34437.57233671529,6786.353118062809,2656.691243547169,855.3372907967236,I,-61.83558441965541,-38.849077328128345
Lobería,190868.45898698847,127056.92080650057,0.0,1788.0559900722812,1714.792385241919,1255.2311162139652,2486.2262055826186,12085.35154120592,172.03373443046303,8320.50494211154,934.4031004448988,7203.522434307202,4732.67380786092,1914.2988701872127,644.6622209776027,735.8416398765931,I,-58.693549778673294,-38.09005281868384
Rojas,167793.048731765,39426.42074134472,0.0,0.0,35636.51810147278,4447.732132752969,2841.18382146407,28411.02506681936,833.9759822588808,7880.411985423371,1524.3628278602662,9038.688643311816,5667.766174989664,3282.6543640942987,962.7823394852772,918.229738649424,I,-60.78802346478486,-34.19281738957139
General Alvarado,179974.84993569856,65461.36559102261,0.0,0.8504344667469457,3803.580703654216,5454.876944414974,4543.892041938395,24301.53743573189,4174.557857025129,7742.679188088095,1449.103536747535,15783.56154092062,8086.381804778177,4478.899501382199,3758.375936990648,801.8787101219284,I,-58.07180537257197,-38.20262771283584
Chascomús,165567.95753124135,26216.17104838668,104.08452674653483,12.168299828370882,21804.35004225685,2789.514248538788,4105.015567345674,29074.50426706845,3390.111528810969,7309.022780443444,2521.314971374167,14267.095127526129,12634.863036909916,4463.873586359564,3890.9977833198072,1286.1505585877203,I,-57.90398106850184,-35.61868830875692
Baradero,154189.0965193621,21427.258188637257,0.0,9.530342310116811,34714.54734782022,4943.640302910133,5373.198929676655,17577.79045780836,1049.27950177525,7232.823678923811,1745.6248289770472,12960.040381111448,6250.718596334006,3641.7585771854433,3853.445605529877,949.675962575774,I,-59.492787138057245,-33.931961377132964
Saladillo,158885.03917310297,46077.426883505774,0.0,8.956927366357066,16120.251305049236,4212.341238904271,3142.1318151140827,25499.92295788408,442.9722994031981,7378.952959736427,2473.2164907919564,11380.36634562704,7879.605344145761,3742.2208868493385,2476.847400025384,949.675962575774,I,-59.70266074454165,-35.676806452055615
Lobos,155828.0789624563,30087.979556677103,0.0,6.803475733975565,18528.430040635143,4160.748428688048,7262.057825789008,26601.625935985223,988.4962485966976,7077.440014087759,2728.484492370006,12941.380551257673,6299.493326165189,5183.806286512281,2353.462389554399,1106.9070822075246,I,-59.14574188278556,-35.219585786144144
Brandsen,135455.72939809662,12490.446961553807,0.0,31.1419909153648,26781.321110786703,2293.3179813654447,12642.29966829789,19454.62297890919,712.1585200091034,9155.606285419237,1329.2716931409443,10258.5287439877,6578.348064700689,3435.8496019745226,2351.1803309191555,792.4448429440233,I,-58.17523390391321,-35.22251979918446
Adolfo Alsina,172485.94054172808,101312.74573944903,0.0,8.272837507077233,5494.547700637969,3364.063463037392,1522.0430151436742,16494.672733661166,613.1372025377711,7498.507451704918,1099.283313283278,6736.948283109112,4833.29074724786,3064.2799056973035,826.8617569195402,726.4077726986882,I,-63.05605668972841,-37.19676038238834
Coronel Dorrego,182316.587517863,116827.26660578046,0.0,4.996302492138305,1599.862673112653,2106.9951373729664,1491.572883441366,18008.09422993597,312.0410115193422,9832.663156695122,915.3290043630792,5620.225915054329,3980.550803977559,2631.955420080132,573.7738393772257,499.9949604289671,I,-61.09555057289474,-38.67081760804668
Coronel Pringles,158583.1714419502,68027.14570453078,0.0,221.5386648449507,4971.652801907429,1951.533032059664,3175.146107990916,18388.51119458487,389.8457989111539,19721.124190817285,1507.4422791847023,8716.081193770196,5812.193400637885,3019.844720367535,1150.1786448305982,1308.1629153361655,I,-61.264417452992376,-38.147917268965685
Arrecifes,145878.06166324558,26904.64505487435,0.0,2.9641954964150794,31745.112558166053,1519.9081370203437,5261.588478945691,22742.9009068454,445.45926424165566,7179.355144749442,1608.4883584752688,10150.580455359825,5138.578875576861,3012.2029067907274,1732.4167031542454,628.9244785270027,I,-60.062664147779536,-34.01181191813995
Villarino,155248.56749177564,49184.233564289694,0.0,11056.27227267296,7286.133816597033,8618.954561134611,1684.7250899536386,20402.763643282266,621.3565111350078,9367.245069696412,1041.0630769255906,9722.455768947231,7070.487642998026,2599.2773018787966,1062.1645145100329,625.7798561343677,I,-62.72651337506887,-39.13020024373348
Pinamar,146051.83292571089,0.0,0.0,0.0708695388955788,5860.079888143645,5746.00113675178,24278.335569155915,34289.44866932808,15270.970089780203,5928.5857280116015,1438.4904243405915,12803.997264634712,6259.628353183295,3893.0875812497256,3355.15190571019,682.383059201798,I,-56.87028341221286,-37.11107429053595
Patagones,159423.36620134502,59527.737693186544,0.0,1156.334285852324,3475.343544355488,3239.090620528132,3606.2763949973255,25167.501490110943,596.0570702778965,6511.177865716876,1541.3292517712102,11198.7863298066,11143.123976960338,3348.117360987133,2135.5019527002846,1317.5967825140706,I,-62.8528487281345,-40.19750368056085
Mar Chiquita,144476.0382032973,42701.13224917537,0.0,0.8504344667469457,5705.824139271392,3233.388210607107,19711.69320748023,14961.23996824836,1497.6487447196153,5473.82328744761,893.4516710881255,11109.566917424036,6078.873706049008,7947.262538115715,1118.811090025535,512.5734499995071,I,-57.6432660560119,-37.49864059832368
Rivadavia,142942.31525989427,77200.6886484137,0.0,3.4851137951002293,4275.113645886546,2908.328896885337,1933.829241634356,16992.294143952164,242.698297007608,6979.444117600012,1092.0697140893735,6082.323638585981,3886.990398314502,2391.1952773793846,342.8590293317407,830.1803116556434,I,-63.09476060532436,-35.58105621230825
Guaminí,140392.63548870865,85267.52678140203,0.0,3.0015334120480435,871.6983270910471,675.9970055771901,4131.203193886866,7682.423471901078,121.571461700814,16247.820385720248,757.2409360707526,3824.054516791529,3992.9387135701336,2254.3117373316104,206.9209245876097,399.3670438646467,I,-62.41853106096796,-36.89067551095447
Carlos Casares,121293.15628959624,32694.56040564842,0.0,1.7781811577436135,5784.667228693679,1053.27528328617,4089.715722857951,22133.330389489245,351.17021207374347,16001.93970939282,1775.958854699572,8265.060760289007,5529.641187102772,3825.527709737283,897.3182928889772,1015.7130328211092,I,-61.37437778676063,-35.74992221420362
San Andrés de Giles,117359.30834792517,23235.188244799487,0.0,0.8504344667469457,23644.699892335026,1065.146827098024,6550.235098712734,15250.756437226562,549.5509001029419,5634.824679037517,1092.0783178739312,7621.113650564711,5148.776338516447,3188.0325840693054,897.7832504260152,833.3249340482786,I,-59.4731985904796,-34.437731429026705
San Antonio de Areco,124222.27406291824,16612.84255297039,0.0,10.51446249796224,18702.501272808346,3911.419414852511,6617.987004393718,20963.81732904529,1587.4540734760742,5441.575708142852,1663.4365490682403,8701.318861381149,2950.964006611385,4437.917952878465,7732.948913556334,971.6883193242192,I,-59.5194434817456,-34.22075756601425
Daireaux,131932.96055677175,68443.66164478532,0.0,0.8504344667469457,5571.168461093526,883.2405645618226,2240.0245905186844,14272.258698880582,200.57482628299465,5979.875909353302,1224.2077144628631,5518.196896613777,2659.1542773624683,2716.774279374002,4998.366883867188,600.6228769932876,I,-61.89124955261026,-36.640869217651705
Saavedra,128823.07594665705,44016.74975275014,0.0,451.764839675568,10337.45599368704,4085.058569662098,2636.8783310757976,22923.559979664267,418.6872907839873,5328.396617938646,1397.068011537168,7350.234009602248,6235.002575278017,3645.734100452434,1181.7966669953146,707.540038342878,I,-62.434382913662354,-37.77063813310089
Villa Gesell,120866.62277134604,0.0,0.0,0.8770105438327878,5381.648739889704,5911.981638829236,8635.53545982773,28488.024973893167,11847.163493441838,5193.326067093051,1411.7902037073816,12918.201755321346,7215.18407023108,3838.7584619695767,5289.399514551998,418.2347782204568,I,-57.06339788227943,-37.3670719559948
Monte,109525.40374499097,26692.74350482948,0.0,3.8795191663926953,20221.09313703493,3067.304392959067,4085.659142303317,12030.592722661524,608.4540519689822,5277.002314924312,1079.7901110571026,7458.470821629381,4140.526751424943,2257.335057125763,1016.388077150389,710.6846607355129,I,-58.7672358383075,-35.50982675832066
Colón,111376.52621062745,18744.097945332003,0.0,0.0,24205.8396619316,3293.5563917397926,2891.073730327179,14706.87284534103,207.7801315352021,5224.112181454693,1450.1098923710426,8648.970624712738,4501.7665133137225,2858.6351125057795,1376.7704100282538,757.8539966250382,I,-61.06311193983571,-33.885921464951416
Las Flores,106826.45948883003,28939.097475732124,0.0,16.000051150051334,9624.842062547596,3372.722751220957,4210.918545282469,12664.609811665625,222.377848342773,7783.132331964218,1461.8979211335422,8963.724154602989,6204.538757522908,2308.473895592246,1125.5020614834432,632.0691009196377,I,-59.17646094976033,-36.01582665716056
Ayacucho,132814.5845273796,69104.9553922108,0.0,2.9233684794426256,6613.042773217373,869.5736906908854,2346.18652081768,11114.860166728333,467.38551639840347,5240.151173750248,1398.3021952274523,6465.408274818239,5600.052698062182,2624.633710605306,985.3099234255588,1006.2791656432042,I,-58.44255652392404,-37.03543091226022
Puan,118590.51653501856,53139.23329789208,0.0,6.568873122459166,4937.205341572527,4235.183752178247,1509.2369234616676,17669.68816494384,184.04473848925664,4609.178490979645,1135.7481294910567,7156.337716048743,4700.594309239295,3435.1254871025776,1163.9173821340864,424.5240230057268,I,-63.05741996350521,-38.076062192973495
Adolfo Gonzales Chaves,115446.21350762092,71649.33129416195,0.0,0.8504344667469457,3132.432117029661,1999.8298673077904,1513.0053590147843,7331.311185863259,312.8229981350564,4890.561999423553,858.9080945350411,4353.847391879807,3793.9709301143057,1574.3089461479483,268.19441845650704,396.22242147201166,I,-60.24828213234334,-37.96461590700076
General Juan Madariaga,114242.81954535826,34554.24873505498,0.0,340.80723157058173,2839.2462509102365,6669.503543595958,3516.904572753364,21318.23106562039,1986.589290968984,4429.049474715338,1007.503524174683,6873.940848525807,5217.8637376354445,5972.546720603118,1378.8373732598168,735.8416398765931,I,-57.23066059497484,-37.15351571871585
Navarro,90138.57487155969,26193.404303015952,0.0,2.806433740264921,16088.207577088318,2510.442910524178,1438.3903740563117,9458.60810954402,305.46042503042867,4632.072539627211,920.2158274318004,5649.475293934455,3518.7304763849565,1738.650244251052,472.4206777531829,531.4411843553173,I,-59.42935855410737,-35.03048448174144
San Cayetano,111699.32270281269,76186.5503083212,0.0,3.741911653686561,1429.7376948979845,1929.02487874588,754.1254838623703,6557.606204189602,148.84106125063843,4540.793737814903,592.7206258557694,3215.912028807098,2259.965629828473,2185.9766214791243,324.71580357928224,377.3546871162016,I,-59.58632644005259,-38.38907319734408
Roque Pérez,87015.08164273803,41428.41325512608,0.0,0.7086953889557881,7844.762031217874,605.7746373511326,1090.8184374741213,8316.320944922576,219.1221672376641,4546.349595842009,469.5893830110694,4055.5208632654,3236.142257507397,1778.4806810171003,315.9609272928594,345.9084631898515,I,-59.35751181598193,-35.48163570133388
Magdalena,80752.21889422118,12288.484697541116,0.0,46.91621683625611,13827.254535781602,1607.7466878798095,3710.126152180372,7136.120954642031,284.60881542348045,4132.3286243334205,618.0672203077321,5462.370484643349,7923.932576091764,3574.825159402392,1555.327217676814,506.2842052142372,I,-57.68612798174631,-35.185103070439375
General Viamonte,93358.11086043368,36956.72828075513,0.0,0.8504344667469457,4090.5784074535486,2539.247529652745,1441.5336352989352,10802.02498360264,103.3570509893733,4285.354471582806,1139.877393534092,5957.198808959013,5744.763029280482,3329.230579357012,1237.8604063556309,575.4658978522074,I,-61.04965723440119,-34.99777889141617
General La Madrid,104114.68966984029,67892.610419724,0.0,0.1417390777911576,582.3121348107268,559.4240532552948,613.4936073964074,6665.926460727904,133.1329083194972,4347.367519166472,769.4289905354128,3980.7372885741192,3994.018659879001,2304.2744916197644,242.23588099158653,446.5363797541719,I,-61.3441308948868,-37.35612777700263
Dolores,92123.61433528656,8090.134190513484,0.0,2.5985497595045564,2995.818890973433,1601.4989716057512,3168.5971018675614,17928.543067432995,1697.2480727635127,3566.227404169049,1907.045261645385,10586.234642709886,14230.584317329543,4588.140474060273,2028.8138873497549,877.3496475451688,I,-57.63192612444682,-36.398937673186566
General Las Heras,75771.91987772202,12151.371603096231,0.0,311.7457996233221,20895.287068619866,889.6549086473581,2224.615700389682,6166.05939050254,154.7917382840107,3912.086036179632,1294.752958187921,4742.229857037775,3535.228990315608,2129.562675997932,624.8020286902517,345.9084631898515,I,-58.99544662116543,-34.90942437822857
Capitán Sarmiento,73443.16982886437,12958.8444222632,0.0,0.5669563111646304,20540.63058086282,728.7492136492679,867.8633922512989,7424.280620610779,176.3491882174809,3914.27348148598,889.8554200818788,5109.220066609903,2955.5559733876594,1680.5674434224493,536.9338095629417,537.7304291405873,I,-59.85401478492415,-34.14984452746545
Tornquist,94877.1336870628,30432.5479044954,0.0,622.9201203703931,6255.071366203263,10377.742362913394,5843.090277583139,9075.688000932552,1635.120956152614,3248.7481122326767,705.1710322398102,4647.512207962443,4103.284077964928,2964.5563480402298,854.4848483957721,345.9084631898515,I,-62.29056599774858,-38.25764216358462
Carmen de Areco,78774.33909626206,18404.18476883031,0.0,1.8328676043320504,13313.203802673996,1505.685271695848,2084.5879007568087,11868.989892092744,527.0476597927303,3781.3878523924536,1232.431212848811,5588.5955437428975,3288.6865265250617,1598.9245002007476,282.67874895072333,421.37940061309183,I,-59.88441348822714,-34.40679778852173
General Pinto,82850.71096857857,44088.42228691568,0.0,0.0,1728.762072127257,1377.9957839667632,1478.2555154964082,8086.253650084116,52.206979063125885,3858.29224687063,740.1525854195031,3888.9940485005527,3760.4129040079342,2098.6305189513937,418.8696275825921,490.5610932510621,I,-62.0398793411227,-34.66852314772333
Leandro N. Alem,80161.22820493992,28372.48177933715,0.0,1.0394199038018226,6167.310667058188,1233.2346909677733,1294.3871317655544,10003.551913401045,340.36624410856246,3812.425512644629,937.663531943644,5469.5621593884,2660.495399050837,2932.8395278552784,3048.07659968044,628.9244785270027,I,-61.61277710505372,-34.49841811623317
General Belgrano,79829.52236708297,23279.17586898266,0.0,0.8504344667469457,4506.641545240525,764.0902605857361,2023.699734226096,13464.545454352978,360.6337074370584,3581.563045791178,935.7206848333922,7276.505708622729,4980.2092396023245,2690.0843944726475,1441.5286724659152,518.8626947847772,I,-58.69807996864791,-35.83466234713038
Hipólito Yrigoyen,81673.16004123415,48932.81337241463,0.0,0.2126086166867364,915.5434295570344,1582.6467928177196,937.2571009359184,6536.176968137746,68.91821121008152,3608.504331852931,814.7417674279468,3376.1380766799343,3057.8280631900343,1488.6172799064807,306.6410332028984,424.5240230057268,I,-61.66018762608905,-36.25918902073445
General Arenales,76780.937990447,27620.97065392258,0.0,1.6823812276950447,6134.200412404796,1173.0529048398655,646.0645364360519,11429.339659351246,94.0075156378592,4187.768677478081,918.353630137418,5805.438543765894,3711.2297564755127,1954.1149038475603,410.57652602959695,537.7304291405873,I,-61.28376094504496,-34.237702723957625
Carlos Tejedor,81572.16624843376,45874.65961002028,0.0,0.0,1826.012306234762,1901.1162499877887,1291.3850631323185,5171.405716978293,78.8383161817902,3773.892039847237,738.1528021873088,3660.26528524364,3520.558000059357,1623.9767991671706,424.19049103907537,421.37940061309183,I,-62.42978957905897,-35.37974493759686
Rauch,76843.83574475058,29044.866319114702,0.0,0.8504344667469457,3350.051364144216,980.691098078624,1235.1457795141605,12528.861505629722,230.8538756211524,3213.803525999486,1089.84319989741,5487.657134249694,4384.225500260127,2034.615371903028,830.4811767098928,760.9986190176733,I,-58.94414136661356,-36.57219444905631
Laprida,73382.59487225264,36959.2508659539,0.0,3.316244454986767,1069.9928787776128,578.8266889034749,1489.178922172618,6807.0091856774925,109.78097355993287,5467.607467838186,833.9701924676909,3839.946780320774,3742.678330228369,2217.761508770316,259.7047088774316,396.22242147201166,I,-60.7681481810556,-37.51650558510951
Pellegrini,67438.22066291339,43733.61773290613,0.0,0.0,940.2194150810292,260.37106018761415,877.7718959676769,5041.481098503771,34.728053453460724,3048.004231876648,630.1363540567866,2215.0302636837946,1886.7148657977607,893.1352178111423,124.6751988004749,273.5821481592462,I,-63.22575729643671,-36.27118962588466
Salliqueló,61226.51252836289,27386.75763155783,0.0,2.087430054742503,4914.722093826112,1200.276659670872,330.872211902708,7152.014653317541,270.7990750079148,2849.2021412665,628.0722387786116,3243.5377503412096,2642.02192309743,1234.847965675733,265.71675738832494,465.404114109982,I,-63.04797352661801,-36.67177753536309
Castelli,58123.62799432514,16253.737987789618,0.0,11233.635541438418,1864.5577463776003,1715.4731768915092,2902.491712443432,5035.024122270499,520.6274386237442,2708.9980803802528,427.3708711344947,2682.197523914372,3284.472927240918,1359.6919050239485,550.0843812605444,185.5327211654658,I,-57.657425194384295,-36.04148974406188
Alberti,60228.24310922386,18555.778027413828,0.0,0.0,4163.4932757672905,564.5079987795139,4139.693496233905,9633.530212306012,99.30722077092032,2735.459080641712,1278.2130372394,3862.403069751736,3204.9474738319914,1842.074192360264,317.5339400494544,415.0901558278217,I,-60.28197659181342,-35.03696851072887
General Alvear,66607.8828078128,35243.53799964352,0.0,0.0,1942.3951352017584,626.6087322784829,1067.3933969382074,3905.433274177662,110.5179106880436,2802.1400234991443,641.893228767304,3042.9720032194577,5553.159927708537,1581.0003650531326,270.32598297213434,286.16063772978623,I,-60.13315310376701,-36.03471064969906
Florentino Ameghino,57821.6616429127,24329.45847570228,0.0,0.0,3672.6352580687367,1119.4861220103917,216.04400917921888,7302.997001193895,134.56084233869692,2673.962429562331,649.6915051858172,2981.998235238565,2658.220920103135,2459.887806054153,438.4840664848391,512.5734499995071,I,-62.401716264561934,-34.87410580562333
Tres Lomas,56354.0811621598,30437.079728376928,0.0,0.8504344667469457,1110.241344931779,474.477011484602,1098.6689594766233,5347.894631221609,102.113791496996,2482.394805366024,736.7286117984726,2989.1006845425577,2478.6638397512247,1289.8246904916568,225.4377173928216,245.28054662553103,I,-62.863907772543854,-36.497100216315246
General Paz,48358.588108960255,12551.089509823058,0.0,2.242054503241948,4334.906446418089,1292.87660941124,1249.9792792539306,5719.381012543545,166.45635163151837,2288.1243891930712,641.6465905946225,4309.195670598593,3305.9115440298056,1665.3755577921818,814.4917434882276,323.89610644140635,I,-58.38965195928212,-35.46618301040534
Suipacha,47833.53427139686,9142.612396856835,0.0,3.0788311107863344,7507.497534797003,1035.2396607393814,1002.6483357488298,7346.177030364778,107.79979415472567,2300.196457000944,821.0710960492091,3938.356481648429,2149.260880191653,2190.259092664132,452.7987598065863,411.9455334351868,I,-59.7033860486745,-34.7485741353289
Maipú,56755.61859348706,22246.61986502829,0.0,0.8504344667469457,1036.8113397412012,1521.662276600753,884.2869192341888,10285.538313063043,291.14641217181764,2273.515157973925,872.3662336081213,3695.672299574582,2827.6196142925487,1682.152384447592,406.5709338894762,371.0654423309316,I,-57.5861191040646,-36.88693320831441
Monte Hermoso,47179.144113070615,487.8809826727193,0.0,0.0,561.0953694052313,778.4525198032649,23149.37413681264,4930.9998996171535,1570.6136413988656,986.483173623141,413.43456357359673,3515.046754265758,2847.0286737036754,1381.39631133746,795.5674082339648,91.19404938641536,I,-61.292146695533546,-38.96162378869968
Tapalqué,52933.153081230535,23547.8120744664,0.0,0.354347694477894,787.109300633189,585.9117761930687,2653.034034307348,4432.880568700169,96.80510640804115,1993.745064704765,956.6207296692804,3070.450402723101,4235.370588707528,1805.8337300946307,328.0138938382902,418.2347782204568,I,-60.1310650281927,-36.34714364042298
Punta Indio,40440.09879611719,8677.915727632644,0.0,4.242402536955048,2891.9416023285803,1714.609914463242,1107.036692934329,3885.091922529275,103.71067215761076,1591.4099559239426,678.0374613545439,4015.453677019076,4673.358495062937,2195.019978389668,358.44502407012294,330.1853512266764,I,-57.39923404019261,-35.426055876666695
Pila,33649.422227413546,23421.21720579524,0.0,0.0,158.60610617220843,35.360725548160616,580.08231311589,662.2711191661112,19.442082803540792,1433.585792032526,131.87335379404448,1236.7751582486023,283.08732458093266,1253.04471519755,26.704056832279942,116.35102852749549,I,-58.34044305056631,-36.20298422407131
General Lavalle,28335.19653950224,12563.820430938476,2127.408342222077,0.2126086166867364,407.0027760350088,867.840174168444,204.4664315243016,2492.817868694824,140.5426693858575,1146.6878563814882,174.36932322651882,1469.6938634820162,1311.0355753488718,878.0358908211975,91.22751764654956,31.44622392635013,I,-56.94100298951157,-36.65075037731833
Lezama,26203.09752753392,10261.84864767343,0.0,10.904704918724695,444.9867355562625,492.2672203303743,451.3022034495633,3093.779935240246,211.7829486412428,1095.2166210581286,404.46340339378736,2096.3127178303694,1407.6958054913891,1397.619855643218,446.398712046808,97.48329417168542,I,-57.89484438957691,-35.849208392140426
General Guido,28653.54667728467,17688.12909412602,0.0,0.0,240.24999878048,214.81598485147143,436.5917106398369,1385.4798280398911,1092.8945728887254,1099.0707368387718,99.98034829000744,1019.7537078206916,1206.3656597458,814.4802472451129,18.70335895113617,119.4956509201305,I,-57.99573659518094,-36.66603454161071
Tordillo,14408.290641770598,7906.681695125374,0.0,0.0,129.73471876783117,176.80362774080305,227.47708387376144,591.3286267626598,17.045213763970235,515.5645930435038,129.7669940022178,743.1175229452074,1512.4679119133204,411.3254373331497,5.646388413698067,25.156979141080107,I,-57.27381164494107,-36.390515121940616
